enzyme_name,substrates,products,citations,temperature,pH,buffer,time,notes,Km,Km_unit,Vmax,Vmax_unit,kcat,kcat_unit,kcat_over_KM,kcat_over_KM_unit,Tm,Tm_unit,yield_percent,mutations,mutation_count,pdb_ids,ec_numbers
Des27,5-nitrobenzisoxazole,,10.1038/s41586-025-09136-2,25 °C,7.3,basic buffer,,,0.5,mM,,,0.07,s^-1,131,M^-1s^-1,79,°C,,"54I,84T,86L,92F,111I,115F,136L,183L,216I,236L",10,"1I4A, 1JCM, 1LBF, 1VC4, 4FB7, 9HVB, 9HVG, 9HVH",4.1.1.48|5.3.1.24
Des27.1,5-nitrobenzisoxazole,,10.1038/s41586-025-09136-2,25 °C,7.3,basic buffer,,,,mM,,,,s^-1,344,M^-1s^-1,73,°C,,"54L,84V,86Y,92W,111F,115Y,136L,183V,216V,236L",10,"1I4A, 1JCM, 1LBF, 1VC4, 4FB7, 9HVB, 9HVG, 9HVH",4.1.1.48|5.3.1.24
Des27.2,5-nitrobenzisoxazole,,10.1038/s41586-025-09136-2,25 °C,7.3,basic buffer,,,,mM,,,,s^-1,21,M^-1s^-1,83,°C,,"54L,84V,86F,92Y,111I,115F,136L,183L,216V,236L",10,"1I4A, 1JCM, 1LBF, 1VC4, 4FB7, 9HVB, 9HVG, 9HVH",4.1.1.48|5.3.1.24
Des27.3,5-nitrobenzisoxazole,,10.1038/s41586-025-09136-2,25 °C,7.3,basic buffer,,,1.0,mM,,,1.4,s^-1,1294,M^-1s^-1,81,°C,,"54L,84V,86Y,92W,111I,115Y,136I,183L,216L,236L",10,"1I4A, 1JCM, 1LBF, 1VC4, 4FB7, 9HVB, 9HVG, 9HVH",4.1.1.48|5.3.1.24
Des27.4,5-nitrobenzisoxazole,,10.1038/s41586-025-09136-2,25 °C,7.3,basic buffer,,,0.78,mM,,,0.03,s^-1,59,M^-1s^-1,82,°C,,"54L,84V,86Y,92W,111I,115Y,136L,183L,216V,236L",10,"1I4A, 1JCM, 1LBF, 1VC4, 4FB7, 9HVB, 9HVG, 9HVH",4.1.1.48|5.3.1.24
Des27.5,5-nitrobenzisoxazole,,10.1038/s41586-025-09136-2,25 °C,7.3,basic buffer,,,,mM,,,,s^-1,54,M^-1s^-1,83,°C,,"54L,84V,86Y,92H,111I,115Y,136L,183L,216V,236L",10,"1I4A, 1JCM, 1LBF, 1VC4, 4FB7, 9HVB, 9HVG, 9HVH",4.1.1.48|5.3.1.24
Des27.6,5-nitrobenzisoxazole,,10.1038/s41586-025-09136-2,25 °C,7.3,basic buffer,,,,mM,,,,s^-1,90,M^-1s^-1,84,°C,,"54L,84V,86F,92H,111I,115I,136L,183L,216V,236L",10,"1I4A, 1JCM, 1LBF, 1VC4, 4FB7, 9HVB, 9HVG, 9HVH",4.1.1.48|5.3.1.24
Des27.7,5-nitrobenzisoxazole,,10.1038/s41586-025-09136-2,25 °C,7.3,basic buffer,,,0.22,mM,,,2.85,s^-1,12696,M^-1s^-1,85,°C,,"54V,84V,86I,92H,111I,115F,136L,183V,216V,236L",10,"1I4A, 1JCM, 1LBF, 1VC4, 4FB7, 9HVB, 9HVG, 9HVH",4.1.1.48|5.3.1.24
Des27.9,5-nitrobenzisoxazole,,10.1038/s41586-025-09136-2,25 °C,7.3,basic buffer,,,1.55,mM,,,3.1,s^-1,2136,M^-1s^-1,82,°C,,"54L,84V,86F,92F,111I,115F,136I,183V,216I,236L",10,"1I4A, 1JCM, 1LBF, 1VC4, 4FB7, 9HVB, 9HVG, 9HVH",4.1.1.48|5.3.1.24
Des27.10,5-nitrobenzisoxazole,,10.1038/s41586-025-09136-2,25 °C,7.3,basic buffer,,,,mM,,,,s^-1,327,M^-1s^-1,81,°C,,"54L,84V,86Y,92Y,111Y,115Y,136L,183V,216V,236L",10,"1I4A, 1JCM, 1LBF, 1VC4, 4FB7, 9HVB, 9HVG, 9HVH",4.1.1.48|5.3.1.24
Des27.11,5-nitrobenzisoxazole,,10.1038/s41586-025-09136-2,25 °C,7.3,basic buffer,,,0.89,mM,,,0.64,s^-1,718,M^-1s^-1,80,°C,,"54L,84V,86Y,92W,111I,115F,136L,183V,216V,236L",10,"1I4A, 1JCM, 1LBF, 1VC4, 4FB7, 9HVB, 9HVG, 9HVH",4.1.1.48|5.3.1.24
Des27.12,5-nitrobenzisoxazole,,10.1038/s41586-025-09136-2,25 °C,7.3,basic buffer,,,1.3,mM,,,5.15,s^-1,3837,M^-1s^-1,80,°C,,"54L,84V,86F,92Y,111I,115Y,136I,183V,216I,236L",10,"1I4A, 1JCM, 1LBF, 1VC4, 4FB7, 9HVB, 9HVG, 9HVH",4.1.1.48|5.3.1.24
Des27.13,5-nitrobenzisoxazole,,10.1038/s41586-025-09136-2,25 °C,7.3,basic buffer,,,1.15,mM,,,2.45,s^-1,2014,M^-1s^-1,86,°C,,"54V,84V,86I,92Y,111Y,115Y,136I,183L,216L,236V",10,"1I4A, 1JCM, 1LBF, 1VC4, 4FB7, 9HVB, 9HVG, 9HVH",4.1.1.48|5.3.1.24
Des61,5-nitrobenzisoxazole,,10.1038/s41586-025-09136-2,25 °C,7.3,basic buffer,,,1.3,mM,,,0.3,s^-1,213,M^-1s^-1,65,°C,,,0,"1I4A, 1JCM, 1LBF, 1VC4, 4FB7, 9HVB, 9HVG, 9HVH",4.1.1.48|5.3.1.24
Des61.1,5-nitrobenzisoxazole,,10.1038/s41586-025-09136-2,25 °C,7.3,basic buffer,,,0.27,mM,,,0.85,s^-1,3205,M^-1s^-1,63,°C,,,0,"1I4A, 1JCM, 1LBF, 1VC4, 4FB7, 9HVB, 9HVG, 9HVH",4.1.1.48|5.3.1.24
Des61.2,5-nitrobenzisoxazole,,10.1038/s41586-025-09136-2,25 °C,7.3,basic buffer,,,0.48,mM,,,0.65,s^-1,1347,M^-1s^-1,58,°C,,,0,"1I4A, 1JCM, 1LBF, 1VC4, 4FB7, 9HVB, 9HVG, 9HVH",4.1.1.48|5.3.1.24
Des61.3,5-nitrobenzisoxazole,,10.1038/s41586-025-09136-2,25 °C,7.3,basic buffer,,,0.76,mM,,,0.6,s^-1,770,M^-1s^-1,70,°C,,,0,"1I4A, 1JCM, 1LBF, 1VC4, 4FB7, 9HVB, 9HVG, 9HVH",4.1.1.48|5.3.1.24
Des61.4,5-nitrobenzisoxazole,,10.1038/s41586-025-09136-2,25 °C,7.3,basic buffer,,,,mM,,,,s^-1,,M^-1s^-1,67,°C,,,0,"1I4A, 1JCM, 1LBF, 1VC4, 4FB7, 9HVB, 9HVG, 9HVH",4.1.1.48|5.3.1.24
Des61.5,5-nitrobenzisoxazole,,10.1038/s41586-025-09136-2,25 °C,7.3,basic buffer,,,,mM,,,,s^-1,542,M^-1s^-1,62,°C,,,0,"1I4A, 1JCM, 1LBF, 1VC4, 4FB7, 9HVB, 9HVG, 9HVH",4.1.1.48|5.3.1.24
Des61.6,5-nitrobenzisoxazole,,10.1038/s41586-025-09136-2,25 °C,7.3,basic buffer,,,0.43,mM,,,0.77,s^-1,1778,M^-1s^-1,58,°C,,,0,"1I4A, 1JCM, 1LBF, 1VC4, 4FB7, 9HVB, 9HVG, 9HVH",4.1.1.48|5.3.1.24
R2.Des39,5-nitrobenzisoxazole,,10.1038/s41586-025-09136-2,25 °C,7.3,basic buffer,,,,mM,,,,s^-1,92,M^-1s^-1,81,°C,,,0,"1I4A, 1JCM, 1LBF, 1VC4, 4FB7, 9HVB, 9HVG, 9HVH",4.1.1.48|5.3.1.24
R2.Des39.2,5-nitrobenzisoxazole,,10.1038/s41586-025-09136-2,25 °C,7.3,basic buffer,,,,mM,,,,s^-1,298,M^-1s^-1,81,°C,,,0,"1I4A, 1JCM, 1LBF, 1VC4, 4FB7, 9HVB, 9HVG, 9HVH",4.1.1.48|5.3.1.24
R2.Des39.2.1,5-nitrobenzisoxazole,,10.1038/s41586-025-09136-2,25 °C,7.3,basic buffer,,,,mM,,,,s^-1,1136,M^-1s^-1,,°C,,,0,"1I4A, 1JCM, 1LBF, 1VC4, 4FB7, 9HVB, 9HVG, 9HVH",4.1.1.48|5.3.1.24
R2.Des39.2.17,5-nitrobenzisoxazole,,10.1038/s41586-025-09136-2,25 °C,7.3,basic buffer,,,,mM,,,,s^-1,1121,M^-1s^-1,,°C,,,0,"1I4A, 1JCM, 1LBF, 1VC4, 4FB7, 9HVB, 9HVG, 9HVH",4.1.1.48|5.3.1.24
R2.Des39.2.18,5-nitrobenzisoxazole,,10.1038/s41586-025-09136-2,25 °C,7.3,basic buffer,,,,mM,,,,s^-1,2044,M^-1s^-1,,°C,,,0,"1I4A, 1JCM, 1LBF, 1VC4, 4FB7, 9HVB, 9HVG, 9HVH",4.1.1.48|5.3.1.24
MA,5-nitrobenzisoxazole,,10.1038/s41586-025-09136-2,25 °C,7.3,basic buffer,,,,mM,,,,s^-1,,M^-1s^-1,60,°C,,,0,"1I4A, 1JCM, 1LBF, 1VC4, 4FB7, 9HVB, 9HVG, 9HVH",4.1.1.48|5.3.1.24
MA + PROSS,5-nitrobenzisoxazole,,10.1038/s41586-025-09136-2,25 °C,7.3,basic buffer,,,,mM,,,,s^-1,,M^-1s^-1,71,°C,,,0,"1I4A, 1JCM, 1LBF, 1VC4, 4FB7, 9HVB, 9HVG, 9HVH",4.1.1.48|5.3.1.24
MA + active site,5-nitrobenzisoxazole,,10.1038/s41586-025-09136-2,25 °C,7.3,basic buffer,,,0.8,mM,,,2.4,s^-1,2911,M^-1s^-1,62,°C,,,0,"1I4A, 1JCM, 1LBF, 1VC4, 4FB7, 9HVB, 9HVG, 9HVH",4.1.1.48|5.3.1.24
MA + PROSS + active site,5-nitrobenzisoxazole,,10.1038/s41586-025-09136-2,25 °C,7.3,basic buffer,,,0.34,mM,,,3.8,s^-1,11531,M^-1s^-1,79,°C,,,0,"1I4A, 1JCM, 1LBF, 1VC4, 4FB7, 9HVB, 9HVG, 9HVH",4.1.1.48|5.3.1.24
Des27.7 D162A,5-nitrobenzisoxazole,,10.1038/s41586-025-09136-2,25 °C,7.3,basic buffer,,,,mM,,,,s^-1,,M^-1s^-1,100,°C,,,0,"1I4A, 1JCM, 1LBF, 1VC4, 4FB7, 9HVB, 9HVG, 9HVH",4.1.1.48|5.3.1.24
Des27.7 F113M,5-nitrobenzisoxazole,,10.1038/s41586-025-09136-2,25 °C,7.3,basic buffer,,,0.72,mM,,,6.7,s^-1,11511,M^-1s^-1,85,°C,,,0,"1I4A, 1JCM, 1LBF, 1VC4, 4FB7, 9HVB, 9HVG, 9HVH",4.1.1.48|5.3.1.24
Des27.7 F113L,5-nitrobenzisoxazole,,10.1038/s41586-025-09136-2,25 °C,7.3,basic buffer,,,0.25,mM,,,30.0,s^-1,123274,M^-1s^-1,84,°C,,,0,"1I4A, 1JCM, 1LBF, 1VC4, 4FB7, 9HVB, 9HVG, 9HVH",4.1.1.48|5.3.1.24
